<?xml version="1.0" encoding="UTF-8"?>
<root>
  <item name="com.o3dr.services.android.lib.gcs.link.LinkConnectionStatus LinkConnectionStatus(java.lang.String, android.os.Bundle) 0">
    <annotation name="android.support.annotation.StringDef">
      <val name="value" val="{com.o3dr.services.android.lib.gcs.link.LinkConnectionStatus.CONNECTED, com.o3dr.services.android.lib.gcs.link.LinkConnectionStatus.CONNECTING, com.o3dr.services.android.lib.gcs.link.LinkConnectionStatus.DISCONNECTED, com.o3dr.services.android.lib.gcs.link.LinkConnectionStatus.FAILED}" />
    </annotation>
  </item>
  <item name="com.o3dr.services.android.lib.gcs.link.LinkConnectionStatus com.o3dr.services.android.lib.gcs.link.LinkConnectionStatus newFailedConnectionStatus(int, java.lang.String) 0">
    <annotation name="android.support.annotation.IntDef">
      <val name="value" val="{com.o3dr.services.android.lib.gcs.link.LinkConnectionStatus.SYSTEM_UNAVAILABLE, com.o3dr.services.android.lib.gcs.link.LinkConnectionStatus.LINK_UNAVAILABLE, com.o3dr.services.android.lib.gcs.link.LinkConnectionStatus.PERMISSION_DENIED, com.o3dr.services.android.lib.gcs.link.LinkConnectionStatus.INVALID_CREDENTIALS, com.o3dr.services.android.lib.gcs.link.LinkConnectionStatus.TIMEOUT, com.o3dr.services.android.lib.gcs.link.LinkConnectionStatus.ADDRESS_IN_USE, com.o3dr.services.android.lib.gcs.link.LinkConnectionStatus.UNKNOWN}" />
    </annotation>
  </item>
  <item name="com.o3dr.services.android.lib.gcs.link.LinkConnectionStatus java.lang.String getStatusCode()">
    <annotation name="android.support.annotation.StringDef">
      <val name="value" val="{com.o3dr.services.android.lib.gcs.link.LinkConnectionStatus.CONNECTED, com.o3dr.services.android.lib.gcs.link.LinkConnectionStatus.CONNECTING, com.o3dr.services.android.lib.gcs.link.LinkConnectionStatus.DISCONNECTED, com.o3dr.services.android.lib.gcs.link.LinkConnectionStatus.FAILED}" />
    </annotation>
  </item>
  <item name="com.o3dr.services.android.lib.gcs.link.LinkConnectionStatus mStatusCode">
    <annotation name="android.support.annotation.StringDef">
      <val name="value" val="{com.o3dr.services.android.lib.gcs.link.LinkConnectionStatus.CONNECTED, com.o3dr.services.android.lib.gcs.link.LinkConnectionStatus.CONNECTING, com.o3dr.services.android.lib.gcs.link.LinkConnectionStatus.DISCONNECTED, com.o3dr.services.android.lib.gcs.link.LinkConnectionStatus.FAILED}" />
    </annotation>
  </item>
  <item name="com.o3dr.services.android.lib.gcs.link.LinkConnectionStatus.FailureCode">
    <annotation name="android.support.annotation.IntDef">
      <val name="value" val="{com.o3dr.services.android.lib.gcs.link.LinkConnectionStatus.SYSTEM_UNAVAILABLE, com.o3dr.services.android.lib.gcs.link.LinkConnectionStatus.LINK_UNAVAILABLE, com.o3dr.services.android.lib.gcs.link.LinkConnectionStatus.PERMISSION_DENIED, com.o3dr.services.android.lib.gcs.link.LinkConnectionStatus.INVALID_CREDENTIALS, com.o3dr.services.android.lib.gcs.link.LinkConnectionStatus.TIMEOUT, com.o3dr.services.android.lib.gcs.link.LinkConnectionStatus.ADDRESS_IN_USE, com.o3dr.services.android.lib.gcs.link.LinkConnectionStatus.UNKNOWN}" />
    </annotation>
  </item>
  <item name="com.o3dr.services.android.lib.gcs.link.LinkConnectionStatus.StatusCode">
    <annotation name="android.support.annotation.StringDef">
      <val name="value" val="{com.o3dr.services.android.lib.gcs.link.LinkConnectionStatus.CONNECTED, com.o3dr.services.android.lib.gcs.link.LinkConnectionStatus.CONNECTING, com.o3dr.services.android.lib.gcs.link.LinkConnectionStatus.DISCONNECTED, com.o3dr.services.android.lib.gcs.link.LinkConnectionStatus.FAILED}" />
    </annotation>
  </item>
</root>

